Ice_shelf,Area (km^2),Median constraint proximity (km),Max constraint proximity (km),Constraint proximity skewness,Topography-corrected disturbance stdev (mGal),Gravity error RMS (mGal),Predicted optimal inversion RMSE (m),Predicted optimal topographic improvement (m)
Ross,480428,17.28,62.34,0.43,17.95,12.75,73.06,-26.74
Ronne_Filchner,427042,7.69,46.34,1.46,21.29,7.95,6.70,15.05
Amery,60797,16.94,74.85,0.84,28.14,8.43,83.51,-37.19
LarsenC,47444,9.07,36.86,0.76,14.67,5.74,8.26,19.59
Riiser-Larsen,42913,17.66,63.20,0.71,39.89,8.29,121.21,-74.88
Fimbul,40948,5.45,26.20,1.39,40.57,6.04,6.70,12.41
Brunt_Stancomb,36137,14.46,66.88,0.71,41.34,5.76,42.07,-0.55
Getz,33389,10.34,40.42,0.77,13.69,6.84,11.49,23.27
Baudouin,33129,22.52,72.09,0.64,36.10,7.18,108.56,-62.24
Abbot,31390,9.79,34.30,0.67,20.01,6.65,10.14,17.71
Shackleton,26928,26.86,84.48,0.53,25.03,8.18,80.18,-33.86
George_VI,23260,6.63,28.81,0.92,18.54,5.34,6.70,15.05
LarsenD,22633,9.75,35.75,0.73,23.95,6.05,11.74,16.11
Borchgrevink,21616,14.25,43.08,0.52,33.25,10.50,34.15,7.37
West,16083,14.36,54.80,0.79,16.44,7.05,26.22,15.31
Wilkins,12907,17.50,57.28,0.53,15.63,7.18,73.06,-26.74
Sulzberger,11970,5.29,20.06,0.97,14.45,5.18,4.91,14.21
Jelbart,10845,11.21,34.71,0.54,60.21,5.44,22.92,11.84
Lazarev,8572,10.39,28.29,0.51,14.11,8.39,11.49,23.27
Stange,7930,8.56,29.52,0.64,15.65,5.95,8.26,19.59
Nivl,7322,10.67,30.34,0.41,40.11,7.36,22.92,11.84
Ekstrom,6871,2.73,15.30,1.09,66.05,3.95,3.02,2.91
Nickerson,6335,8.17,32.92,1.02,15.61,6.41,8.26,19.59
Totten,6187,6.27,24.16,0.73,25.60,4.23,8.39,13.36
Pine_Island,6120,3.98,16.70,0.61,12.38,3.80,3.07,8.29
Moscow_University,5950,6.72,20.45,0.54,21.28,5.62,6.70,15.05
Dotson,5677,6.06,21.95,0.81,18.17,4.50,4.91,14.21
Mertz,5652,4.85,22.75,0.85,19.65,9.63,3.93,7.43
Prince_Harald,5455,25.98,61.77,0.13,23.05,8.43,80.18,-33.86
Thwaites,5377,2.51,16.33,0.92,11.54,3.88,2.43,3.49
Bach,4548,6.98,21.40,0.74,9.44,6.82,4.00,17.75
Cook,3532,16.06,45.20,0.41,13.95,7.10,45.60,-2.23
Crosson,3331,8.02,29.54,0.75,11.22,4.00,6.70,21.15
Rennick,3276,8.38,20.85,0.09,27.90,10.12,12.86,14.99
Venable,3155,7.63,20.88,0.41,12.56,5.75,4.48,17.27
Cosgrove,2990,9.79,24.00,0.32,13.28,6.67,6.70,21.15
Tracy_Tremenchus,2941,15.58,36.09,0.18,9.62,9.22,33.56,9.81
Mariner,2673,9.07,28.44,0.77,28.04,10.57,12.86,14.99
Holmes,2366,7.52,31.94,1.22,7.65,14.32,4.00,17.75
Drygalski,2281,3.96,13.94,0.51,61.90,8.27,4.43,6.92
LarsenB,2151,5.42,18.93,0.64,9.28,6.85,3.68,15.43
Quar,2132,4.81,17.75,0.83,16.07,6.46,3.46,7.90
Vigrid,2096,10.29,32.22,0.65,26.85,6.41,20.15,14.61
Atka,1994,6.98,21.46,0.51,11.08,5.47,4.48,17.27
Nansen,1942,3.56,14.25,0.74,33.31,7.44,4.36,4.30
Ninnis,1929,7.15,26.43,0.74,16.91,8.70,5.59,16.16
Conger_Glenzer,1601,32.47,49.77,0.01,20.79,7.85,76.40,-30.08
Publications,1563,6.03,22.51,0.85,12.99,8.40,4.09,15.02
Dibble,1463,7.95,21.85,0.51,21.02,13.54,6.70,15.05
LarsenE,1167,5.60,14.85,0.40,15.43,6.96,4.91,14.21
Vincennes_Bay,957,4.27,13.59,0.59,30.77,4.45,4.91,6.45
WilmaRobertDowner,879,6.04,12.51,-0.01,13.88,8.32,4.09,15.02
Swinburne,875,4.78,13.60,0.65,13.35,9.10,3.07,8.29
Shirase,824,7.27,18.03,0.39,5.59,8.43,3.65,18.10
LarsenF,815,4.77,12.43,0.26,8.81,6.94,2.95,8.40
Aviator,770,4.83,16.99,0.74,50.35,8.27,4.43,6.92
Lillie,769,9.11,26.43,0.73,18.59,14.83,10.14,17.71
LarsenA,722,2.69,8.88,0.60,5.45,7.33,2.49,3.44
Voyeykov,688,18.79,30.79,-0.00,4.38,13.18,25.71,20.62
Rayner_Thyer,653,6.56,13.76,0.18,15.77,8.28,5.59,16.16
Land,625,5.47,16.09,0.84,15.85,4.79,4.91,14.21
Withrow,613,10.05,27.62,0.26,5.35,15.03,5.43,29.33
Lauritzen,520,6.52,18.53,0.42,7.14,9.16,4.00,17.75
Mendelssohn,472,4.39,10.56,0.24,11.68,6.53,3.07,8.29
Tucker,440,3.34,8.41,0.20,17.74,14.57,3.36,5.30
Edward_VIII,422,5.28,9.87,-0.03,14.16,8.29,4.09,15.02
LarsenG,404,7.68,14.46,-0.07,6.34,6.88,4.00,17.75
Hannan,342,3.75,10.26,0.69,9.54,8.37,3.01,5.65
Fitzgerald,312,5.77,18.76,0.57,8.00,12.20,3.68,15.43
Mulebreen,303,5.47,9.62,-0.08,7.16,8.40,3.68,15.43
Helen,291,18.56,26.47,-0.32,6.38,7.12,47.16,-0.84
Wordie,288,4.00,9.05,0.22,6.76,5.64,2.95,8.40
Slava,286,7.90,18.43,0.20,7.15,13.18,4.00,17.75
Williamson,278,8.69,16.65,0.05,9.64,4.92,5.63,22.22
Zubchatyy,275,6.49,11.91,-0.04,8.64,8.41,4.00,17.75
GeikieInlet,265,3.71,7.52,0.00,21.01,8.31,3.56,5.09
Matusevitch,259,5.01,9.88,-0.08,5.84,5.81,3.62,15.49
May_Glacier,244,5.73,17.20,0.80,2.18,15.20,3.62,15.49
Brahms,238,3.37,7.61,0.31,5.24,8.32,3.04,5.62
Nordenskjold,229,4.25,9.19,0.15,10.34,9.24,3.07,8.29
Frost,229,3.05,9.51,0.65,6.22,6.92,3.01,5.65
Suvorov,214,7.20,26.18,1.32,10.18,9.77,4.00,17.75
Hull,206,4.18,9.87,0.27,8.04,5.77,2.95,8.40
PourquoiPas,195,5.91,10.95,-0.19,2.80,14.62,3.62,15.49
Hamilton,178,4.09,11.37,0.23,2.30,15.10,2.98,8.37
Rund_Bay,173,5.04,12.50,0.44,10.13,8.48,3.68,15.43
Underwood,167,9.74,14.76,-0.66,13.35,4.74,6.70,21.15
Fisher,157,6.06,13.47,0.24,6.04,9.23,3.62,15.49
Moubray,150,5.21,9.10,-0.13,5.52,7.44,3.62,15.49
Sorsdal,133,3.15,6.76,0.16,8.58,8.38,3.01,5.65
HornBluff,126,4.50,10.06,0.34,8.06,10.21,2.95,8.40
Gillet,124,6.06,13.04,0.14,5.70,15.12,3.62,15.49
Ferrigno,116,3.72,9.38,0.31,3.51,7.84,3.04,5.62
Verdi,110,4.41,8.30,0.05,8.74,8.31,2.95,8.40
Noll,110,6.86,13.63,-0.15,4.50,15.01,3.65,18.10
Hoseason,109,4.48,8.55,-0.04,5.34,8.41,2.98,8.37
Tinker,108,2.80,6.51,0.36,11.67,9.89,2.43,3.49
Myers,106,6.96,10.66,-0.42,3.91,8.40,3.65,18.10
Walgreen,102,6.78,10.11,-0.53,6.34,7.80,4.00,17.75
SmithInlet,98,2.54,4.39,-0.36,7.42,9.52,2.42,3.51
Wylde,98,6.23,15.43,0.25,4.82,7.06,3.62,15.49
Richter,97,3.55,10.37,0.58,6.42,14.92,3.01,5.65
Cheetham,97,3.10,9.20,0.68,12.17,5.40,3.10,5.56
Utsikkar,95,4.99,9.41,-0.15,0.61,8.43,3.62,15.49
Ainsworth,94,3.31,7.79,0.30,9.09,8.54,3.01,5.65
Philbin_Inlet,90,1.94,4.11,-0.17,7.05,5.67,2.42,3.51
Dennistoun,88,2.80,6.57,0.07,2.64,14.30,2.49,3.44
Andreyev,87,3.67,8.07,0.26,2.37,14.77,3.04,5.62
Ironside,82,2.41,5.69,0.11,14.66,9.63,2.56,3.37
WattBay,80,5.03,9.01,-0.21,4.67,11.26,3.62,15.49
Astrolabe,79,2.42,4.79,-0.00,10.54,4.66,2.43,3.49
Cirque_Fjord,75,5.75,9.58,0.33,0.97,8.39,3.62,15.49
Flatnes,74,2.25,6.34,0.49,4.57,8.47,2.49,3.44
Francais,70,2.47,5.84,0.24,5.24,11.26,2.49,3.44
Campbell,69,2.11,4.36,-0.06,10.72,7.99,2.43,3.49
Whittle,68,6.75,10.09,0.11,6.35,8.70,4.00,17.75
Thomson,67,3.71,9.96,0.59,7.13,6.47,3.01,5.65
Deakin,65,3.33,7.78,0.18,3.25,11.70,3.04,5.62
Parker,61,2.11,10.52,1.55,9.18,13.04,2.42,3.51
HarbordGlacier,60,2.72,6.22,0.34,7.49,5.47,2.42,3.51
Jackson,60,6.65,10.59,-0.08,3.14,10.13,3.65,18.10
Holt,57,1.78,5.23,0.35,6.59,6.51,2.42,3.51
Drury,56,3.14,9.46,0.50,3.24,12.96,3.04,5.62
Zelee,41,2.84,6.07,0.10,13.86,6.49,2.43,3.49
Dalk,35,1.10,2.57,0.15,6.25,8.30,2.42,3.51
Marret,26,1.63,4.78,0.88,6.49,14.31,2.42,3.51
Mandible_Cirque,25,2.62,4.33,-0.02,7.62,9.85,2.42,3.51
